{
    "MAE": 191.9153919330289,
    "RMSE": 290.7971841807195,
    "R^2": 0.78775946462261
}