{
<<<<<<< HEAD
    "MAE": 191.36811330062915,
    "RMSE": 276.46005756256267,
    "R^2": 0.8081716784129579
=======
    "MAE": 188.81729731717468,
    "RMSE": 281.9140683670017,
    "R^2": 0.800528232120636
>>>>>>> a1ecba27c1cfae510ef08a9a83ffd42ec7544b0b
}