{
    "MAE": 191.36811330062915,
    "RMSE": 276.46005756256267,
    "R^2": 0.8081716784129579
}