{
    "MAE": 188.81729731717468,
    "RMSE": 281.9140683670017,
    "R^2": 0.800528232120636
}