{
    "MAE": 231.51145766931762,
    "RMSE": 345.7344120170609,
    "R^2": 0.6999917791575638
}